Категория,Заголовок,Время публикации,Описание,Ссылка,Источник
Risk Management and Internal Control,Структура Россельхозбанка стала владельцем половины Avito Что известно о сделке с одной из крупнейших компаний Рунета,"24 апр, 17:20","Иван Таврин, основатель Kismet Capital Group — владельца сервиса объявлений, объявил о сделке на встрече с сотрудниками Avito в четверг, 24 апреля, сообщили источники РБК, знакомые с ее деталями. «С учетом того что Таврин глубоко погружен в процессы в компании, в последние дни он неоднократно встречался с разными командами в Avito и рассказывал о своей мотивации в сделке, — рассказывает один из собеседников. — С его слов, последние два с половиной года с момента покупки он ощущает свою близость с компанией и управленческой командой, поэтому он чувствует всю полноту ответственности за то, чтобы с приходом второго акционера не изменился дух и культура компании, и намерен быть с Avito всю свою жизнь». Собеседник РБК, близкий к одной из сторон сделки, уточнил — «структура под управлением Россельхозбанка» стала владельцем 50% бизнеса Avito. По его словам, «сделка была коммерческой, хотя в нее и были включены элементы кредитных средств, которые Kismet использовала при покупке компании в 2022 году». Какая именно часть кредита была использована в рамках текущей сделки, собеседник РБК не раскрывает, но указывает, что «на момент сделки в 2022 году долг Avito находился на уровне 6 EBITDA, текущий — 1 EBITDA». Банк — финансовый партнер», — объясняет собеседник РБК. Как сообщили стороны, она была закрыта в апреле, «в рамках партнерства банка и ООО «Кисмет Капитал Груп»: «И Kismet, и РСХБ будут продолжать поддерживать операционную команду компании в рамках одобренной стратегии и заинтересованы в создании долгосрочной акционерной стоимости Avito». На момент этой сделки, то есть по итогам 2022 финансового года (закончился 31 марта), выручка Avito составила 48 млрд руб. Выручка ООО «Кех Екоммерц» — основного юрлица сервиса объявлений Avito — за 2023 год составила 100,9 млрд руб., следовало из отчетности ООО. Как указывает источник РБК, в фокусе акционеров два направления относительно дальнейшей судьбы Avito — «подготовка компании к расширению на международных рынках и проведение IPO». «Россельхозбанк — единственный из крупных российских банков, кто не находится под блокирующими американскими и европейскими санкциями, что позволяет ему финансировать развитие проекта», — объясняет собеседник РБК. Среди бенчмарков, на которые ориентируется Avito, собеседник РБК приводит пример как российского «Яндекса» (YDEX), так и международных холдингов схожего профиля — Schibsted, Auto Trader Group и Rightmove. В рамках официального комментария о сделке банк и Kismet также указали, что «стороны рассматривают в дальнейшем возможность выхода Avito на публичные рынки капитала», не раскрывая других деталей. «Рынок для сделок сейчас тяжелый, высокий уровень неопределенности для инвесторов сохраняется, — рассуждает партнер компании Exectica Capital Алексей Замесов. У компании хороший потенциал для роста выручки, на рынке классифайдов — это абсолютный лидер, с «чистыми» маркетплейсами (Wildberries или Ozon) они не конкурируют». Он отмечает, что у классических маркетплейсов сейчас идет «стадия борьбы за рынок», поэтому они показывают пока околонулевую доходность. Думаю, выход на биржу может состояться до конца 2026 года», — говорит инвестиционный стратег УК «Арикапитал» Сергей Суверов. Последняя развивает маркетплейсы по четырем основным направлениям: автомобили (более 100 млн посещений в месяц), товары (более 100 млн посещений в месяц), недвижимость (около 60 млн ежемесячных посещений в Норвегии, Швеции и Финляндии) и работа (11,5 млн посещений в месяц, 620 тыс. Это один из немногих системно значимых банков, который не полностью «заражен» санкциями: против него США ввели только секторальные ограничения, запрещающие привлекать долговое финансирование в долларах. В октябре 2023 года банкконсолидировалсвои бизнес-активы на базе вновь созданной компании «РСХБ Финансовые услуги» с уставным капиталом 22,75 млрд руб. Как отмечает независимый финансовый аналитик Андрей Бархота, появление инвестора является «комбинацией двух контуров — внутреннего и внешнего». Вероятно, банк будет ориентироваться на действующие механизмы WB и Ozon, когда кредитные и платежные решения будут стимулировать объемы транзакций в Avito, — объясняет эксперт. Вхождение банка в капитал — это появление якорного стратегического инвестора, который может способствовать успешному размещению акций компании на бирже в ходе IPO». «Например, можно представить сделку как то, что банк — организатор и инвестиционный консультант по финансированию для Avito», — рассуждает Бархота. «Яндекс» — банк «Акрополь» (сейчас Яндекс Банк), а Wildberries — банк «Стандарт-Кредит» (Вайлдберриз Банк). В 2024 году банки, связанные с «Яндексом» и Ozon, обогнали традиционных лидеров из топ-50 по темпам прироста вкладов. Представители универсальных банков не раз высказывались об усилении конкуренции с банками экосистем за клиентов — маркетплейсы дают скидки потребителям, если те оплачивают товары картами их «родственных» банков. Представители компании заявляли, что при развитии финансовых сервисов акцент делается на «мультипартнерство». «Мы получаем в нашей сложной b2c-специфике хорошие продукты от лучших профессионалов рынка — от банков на хороших условиях — и параллельно учимся, развиваем команду. И в условиях ограниченных ресурсов это дает нам возможность не заморачиваться сложными интеграционным вещами», — говорил руководитель направления стратегических партнерств компании Александр Самсонов в ноябре 2022 года. В марте 2025 года Банк России зарегистрировал «дочку» Avito — АО «Авито Финанс» — в реестре операторов финансовых платформ (ОФП). Если раньше для покупки в кредит на Avito пользователю приходилось изучать предложения на внешних площадках, то теперь сделку можно заключить на сайте сервиса объявления (данные клиента автоматически «подтянутся» с сайта «Госуслуги»). «РСХБ один из немногих крупных банков, который на сегодня не обладает значимой IT-экосистемой, и это не создает конфликта с самостоятельностью стратегии Avito», — отмечает управляющий партнер инвестбанка Aspring Capital Сергей Айрапетов. Вместе с тем определенные компетенции Avito, например, работа с кадрами, платежи, сделки с недвижимостью все-таки могут быть востребованы РСХБ», — говорит эксперт. Видео Лавров рассказал о «шепоте» из Франции Кличко допустил отказ Украины от части территорий в обмен на мир Трамп заявил, что Крым останется с Россией ЦБ объяснил решение сохранить ключевую ставку Взорванная машина на месте убийства генерала Генштаба в Балашихе.",Структура Россельхозбанка стала владельцем половины Avito Что известно о сделке с одной из крупнейших компаний Рунета: https://www.rbc.ru/business/24/04/2025/680920149a794727a019629e?from=column_1,rbc.ru
Corporate Governance,Психологи ожидают волну депрессий. Как она связана с технологиями,,"В прогнозе, подготовленном Университетом Элон (Северная Каролина) на основе опроса сотен экспертов — специалистов ведущих компаний (Google, Microsoft и др. ), нейропсихологов и ученых из других областей, говорится о деградации человеческих способностей, которая произойдет в течение десяти лет.",Психологи ожидают волну депрессий. Как она связана с технологиями: https://pro.rbc.ru/demo/680890fb9a79475869b9d896?utm_source=rbc.ru&utm_medium=inhouse_media&utm_campaign=center&utm_content=680890fb9a79475869b9d896&utm_term=10.4Z_noauth&from=column_2,pro.rbc.ru
Not Relevant to ESG,сохранил ЦБ ключевую ставку⁠,"24 апр, 12:17",,сохранил ЦБ ключевую ставку⁠: https://ekb.plus.rbc.ru/partners/6809fc287a8aa926db7a597b?utm_source=ekb&utm_medium=main&utm_campaign=908567-6809fc287a8aa926db7a597b&from=column_4,ekb.plus.rbc.ru
Corporate Governance,Топ-50 самых популярных франшиз России. Рейтинг РБК,"25 апр, 13:30","Сохранение ставки на уровне 21% предсказывали большинство участниковконсенсус-прогноза РБК, 26 из 30 опрошенных аналитиков крупных российских банков и инвестиционных компаний. Теперь он убрал этот сигнал из релиза, но пообещал, что «будет поддерживать такую жесткость денежно-кредитных условий, которая необходима для возвращения инфляции к цели в 2026 году». Дальнейшие решения по ключевой ставке будут приниматься в зависимости от скорости и устойчивости снижения инфляции и инфляционных ожиданий», — пишет ЦБ. В первом квартале 2025 года инфляция замедлилась относительно конца 2024-го, но осталась значительно выше цели ЦБ — 4%. Значительное замедление темпов роста цен «происходит не по всему кругу товаров и услуг, пока мы не можем сделать вывод об устойчивости скорости снижения общего темпа роста цен», сказала на брифинге председатель Банка России Эльвира Набиуллина. Частично оно произошло благодаря укреплению рубля, но его устойчивость требует дополнительного подтверждения, отмечали аналитики ЦБ в бюллетене «О чем говорят тренды». Кроме того, в апреле после двух месяцев снижения повысились инфляционные ожидания населенияс 12,9 до 13,1%, следует из данных опроса «инФОМ», который проводится по заказу ЦБ. На повышенных уровнях остаются и ценовые ожидания бизнеса —19,8 пункта, что существенно выше, чем в 2017–2019 годах, когда инфляция была близ цели 4%, обращал внимание регулятор. Сохранение ожиданий на повышенном уровне «препятствует более быстрому замедлению инфляции», указывает ЦБ в релизе. (то есть до 19%)», — отмечала ведущий аналитик компании «Цифра Брокер» Наталья Пырьева. «В настоящий момент наиболее вероятным представляется сохранение ставки на уровне 21% более длительное время, но затем более быстрое снижение до 12% к середине 2026 года (или даже ниже при необходимости проведения контрциклической политики)», — писал в обзоре главный экономист «Ренессанс Капитала» Олег Кузьмин. Видео Лавров рассказал о «шепоте» из Франции Кличко допустил отказ Украины от части территорий в обмен на мир Трамп заявил, что Крым останется с Россией ЦБ объяснил решение сохранить ключевую ставку Взорванная машина на месте убийства генерала Генштаба в Балашихе.",Топ-50 самых популярных франшиз России. Рейтинг РБК: https://www.rbc.ru/finances/25/04/2025/680a15949a7947afe183ecc5?from=column_5,rbc.ru
Strategy Implementation,Мотосезон в Москве в 2025 году: где пройдет и как принять участие,,"Рынок не только вырос (в 2024 году, по оценкамfranshiza.ru, на нем появилось около 500 новых франшиз), но и заметно обелился: под давлением государств отношения между франчайзером и франчайзи все чаще четко прописаны.",Мотосезон в Москве в 2025 году: где пройдет и как принять участие: https://pro.rbc.ru/demo/67f7d31d9a794773fb76c332?utm_source=rbc.ru&utm_medium=inhouse_media&utm_campaign=center&utm_content=67f7d31d9a794773fb76c332&utm_term=10.4Z_noauth&from=column_7,pro.rbc.ru
Not Relevant to ESG,Будущее в индийской деревне и награда Цыганова: как закрылся ММКФ,,,Будущее в индийской деревне и награда Цыганова: как закрылся ММКФ: https://www.autodaily.ru/news/680749b49a7947e0b52abc8a?from=column_9,autodaily.ru
Corporate Governance,Лаунчпады как трамплин для Web3. Что это и как работает,"25 апр, 08:00","Это следует из выписок Единого государственного реестра недвижимости (ЕГРН), с которыми ознакомился РБК. Предыдущим собственником актива, судя по данным ЕГРН, выступало ООО «Санаторно-курортный оздоровительный комплекс (СКОК) «Ай-Даниль». Основанием, как указано там, послужило исполнение «государственного контракта на приобретение санаторно-курортного оздоровительного комплекса «Ай-Даниль» в федеральную собственность». Позднее, в конце января, ФКП «Ясень» подала заявку на товарный знак «Ай-Даниль», свидетельствуют данные СПАРК. Он включает в себя непосредственно жилые корпуса («главный» и «морской» на 307 номеров), SPA-центр, бассейн, диагностический центр, спортивный комплекс и пляж. Ему, в частности, принадлежат металлургический холдинг «Метинвест» (специализирующийся на производстве стали, добыче угля и руды), банк ПУМБ, транспортная компания «Лемтранс» и другие активы. В частности, на полуострове емупринадлежалаусадьба «Новый Кучук-Кой» в Симеизе, которая является памятником культуры местного значения. Изначально санаторий в Даниловке находился на балансе украинского товарищества «СКОК «Ай-Даниль», чьим собственником до 2012 года выступал Мариупольский металлургический комбинат. В 2013 году эта структура перешла зарегистрированной в Великобритании Сasamo Limited, которая уже годом позднее стала и бенефициаром российского ООО «СКОК «Ай-Даниль». В 2019 году его холдинговая компания System Capital Management (SCM)сообщала, что не контролирует ни один из активов, принадлежавших ей до вхождения Крыма в состав России. В феврале 2023 года депутаты Госсовета Крымапостановилинационализировать на полуострове 500 объектов из числа «имущества иностранных граждан и государств, совершающих в отношении России недружественные действия». Сasamo Limited, судя по данным СПАРК, была владельцем «Ай-Даниля» до января 2024 года. Рыночную стоимость «Ай-Даниля» заместитель директора отдела стратегического и управленческого консалтинга СORE.XP Никита Курносов оценивает в 3–4,5 млрд руб. Расположение же комплекса на первой линии от моря обеспечивает высокий потенциал, даже по меркам местного рынка, рассуждает операционный директор департамента стратегического консалтинга Nikoliers Игорь Кокорев. В 2025 году спрос на отдых в Крыму вырос, так как на него переключилась часть туристов, которая обычно ездила в Краснодарский край, говорит Курносов. По состоянию на апрель 2025 года в Крыму функционируют 856 классифицированных коллективных средств размещения с общим номерным фондом 41,3 тыс. номеров), на третьем — сегмент 3 звезды (13%, или 0,5 тыс. Видео Лавров рассказал о «шепоте» из Франции Кличко допустил отказ Украины от части территорий в обмен на мир Трамп заявил, что Крым останется с Россией ЦБ объяснил решение сохранить ключевую ставку Взорванная машина на месте убийства генерала Генштаба в Балашихе.",Лаунчпады как трамплин для Web3. Что это и как работает: https://www.rbc.ru/business/25/04/2025/680a323e9a794721bc2cee3b?from=column_13,rbc.ru
Environmental Management,Производитель семян «Сингента» объяснил иск к Мошковичу на ₽1 млрд С чем связаны претензии российской «дочки» китайской компании к основателю «Русагро»,"25 апр, 14:56","Также в жюри вошли актер Джон Робинсон из США, актриса Бушра из Египта (родилась в Великобритании) и режиссер Корнел Георгицэ из Франции (родился в Румынии). «Золотого Святого Георгия» получил индийский фильм «Элизиум», снятый Прадипом Курбой. «Золотого Святого Георгия» за вклад в кинематограф получил актер Владимир Ильин (справа). Специальный приз жюри получил казахстанский фильм «Эвакуация», рассказывающий об эвакуации на восток СССР во время немецко-фашистской оккупации. На сцене исполнительница главной роли Наталья Витмер,родившаясяв Омске и выросшая в Германии, поблагодарила Казахстан и казахов, назвав их «лучшими людьми на Земле». Приз за лучшую женскую роль получила актриса Мария Родригес Сото за работу в фильме «Дом в огне». Награду за лучший короткометражный фильм получил «Танец пчелы» испанского режиссера Фона Кортисо. Награду за лучший фильм в рамках конкурса «Русские премьеры» получила картина «Мужу привет» режиссера Антона Маслова (в центре). Награды за лучшую мужскую роль удостоился актер Евгений Цыганов за работу в фильме «Семейное счастье». Приз за него получила режиссер и сценарист картины Стася Толстая(на фото вместе с членом жюри, актером Джоном Робинсоном). С 1999 года президентом фестиваля является Никита Михалков(на фото с председателем жюри, испанским режиссером и продюсером Луисом Миньярро). Видео Лавров рассказал о «шепоте» из Франции Кличко допустил отказ Украины от части территорий в обмен на мир Трамп заявил, что Крым останется с Россией ЦБ объяснил решение сохранить ключевую ставку Взорванная машина на месте убийства генерала Генштаба в Балашихе.",Производитель семян «Сингента» объяснил иск к Мошковичу на ₽1 млрд С чем связаны претензии российской «дочки» китайской компании к основателю «Русагро»: https://www.rbc.ru/photoreport/25/04/2025/680b36719a7947bfd88ce1dc?from=column_14,rbc.ru
Not Relevant to ESG,Скорректированная EBITDA ГК «Самолет» составила ₽109 млрд за 2024 год,,,Скорректированная EBITDA ГК «Самолет» составила ₽109 млрд за 2024 год: https://tv.rbc.ru/archive/industries_inv/680b84ea2ae5966351776413?utm_source=rbc&utm_medium=main&utm_campaign=908336-908343-680b84ea2ae5966351776413&from=column_15,tv.rbc.ru
Not Relevant to ESG,Как маркетплейсы заставили транспортные компании заменять водителей,,,Как маркетплейсы заставили транспортные компании заменять водителей: https://www.rbc.ru/industries/news/680b435f9a794737927cd7b6?utm_source=rbc&utm_medium=main&utm_campaign=908311-680b435f9a794737927cd7b6&from=column_16,rbc.ru
Strategy Implementation,Поиск идеального вина: онлайн-гид от сомелье России,"25 апр, 17:59","Платформы вроде OKX, Binance Launchpad, Bybit Web3 IDO и KuCoin Spotlight помогают проектам выйти на рынок и привлечь внимание сообщества через собственные лаунчпады — инструменты для запуска токенов. Биржи активно продвигают проекты через собственные медиа: телеграм-каналы, блоги, видео на YouTube, страницы в X (Twitter) и другие площадки. Многие биржи запустили собственные акселерационные программы: Binance Labs, KuCoin Labs, Bybit Web3 Fund. CoinList, Bybit и OKX запускают квесты, где пользователи могут протестировать продукт до официального релиза. Биржи вроде Binance NFT, Bybit Web3 и OKX NFT Marketplace проводят коллекционные дропы, кросс-ивенты и партнерские коллаборации. Биржи вроде Binance, OKX и Bybit развивают как централизованные, так и децентрализованные решения. Проекты получают стартовую ликвидность, доступ к широкой аудитории пользователей и возможность интеграции в экосистему биржи. Размещение часто стимулирует рост: например, листинг SUI на OKX увеличил торговый объем проекта на 300% за первую неделю. OKX предлагает доступ к аудитории более чем из 100 стран, включая активных пользователей в Азии, СНГ и Латинской Америке. Binance и OKX активно продвигают партнерские проекты через блоги, соцсети и обучающие платформы. OKX также использует Telegram, X (Twitter), страницу Jumpstart и email-рассылки для расширения охвата проектов. OKX официального акселератора не имеет, но поддерживает проекты через партнерства с Web3-фондами и грантовые программы, взаимодействуя с развивающимися экосистемами. Биржи вроде OKX и Binance активно участвуют в альфа-запусках: пользователи выполняют задания, а проекты получают обратную связь и аудиторию. OKX участвует в глобальных Web3-саммитах, форумах и спонсирует хакатоны в Азии и СНГ, где стартапы могут представить свои идеи и получить поддержку от индустрии.",Поиск идеального вина: онлайн-гид от сомелье России: https://www.rbc.ru/crypto/news/680ba1119a79470b637ebb5b?utm_source=rbc&utm_medium=main&utm_campaign=901985-680ba1119a79470b637ebb5b&from=column_17,rbc.ru
Corporate Governance,"РЭЦ назвал ниши, где экспорт из России может потеснить европейцев Какие товары и в какие страны имеют потенциал для российских поставщиков","25 апр, 00:00","Компания «Сингента» заявила иск к основателю группы «Русагро» Вадиму Мошковичу почти на 1 млрд руб. О том, что «Сингента» стала потерпевшей по уголовному делу о хищениях в отношении основателя группы «Русагро» Вадима Мошковича,стало известнов среду 24 апреля на заседании в Мосгорсуде. В суде представитель компании заявила, что действия Мошковича причинили ООО «Сингента» ущерб на сумму более 999 млн руб., — на эту сумму компания заявила к нему гражданский иск. Активы холдинга «Солнечные продукты», который выпускал майонез под маркой «Московский провансаль», достались «Русагро» в результате выкупа у Россельхозбанка прав требования к структурам холдинга на 35 млрд руб. Еще до этого, в декабре 2016 года, «Сингента», как уточнил РБК представитель компании, заключила с АО «Солнечные продукты-Масло» договор поставки. Вместо расчетов с «Сингента» группа «Русагро», выкупившая долги холдинга перед «Россельхозбанком», подала заявления о банкротстве его структур: АО «Солнечные продукты-Масло» и АО «Аткарский Маслоэкстракционный завод», выступавшего поручителем по договору поставки. В результате этой процедуры «Русагро» стало мажоритарным и залоговым кредитором в процедурах банкротства холдинга, продолжает представитель «Сингенты». Один из активов, принадлежавший поручителю по договору, потенциально мог покрыть задолженность холдинга перед «Сингентой», говорит собеседник РБК. Но этот актив впоследствии был переоформлен по договору купли-продажи от 19 марта 2021 на аффилированное лицо — ООО «Русагро-Аткарск». Иск подан не только к Мошковичу, но также и к бывшему гендиректору «Русагро» Максиму Басову и иным причастным, но неустановленным лицам, уточнил представитель «Сингенты». «Сингента» — российское подразделение нефтехимической и агрохимической китайской компании Sinochem Holdings, один из крупнейших мировых производителей семян и средств защиты растений. Группа — крупнейший в России производитель майонеза и подсолнечного масла (с долей рынка 38 и 12% соответственно), второй по объемам производитель сахара (15%) и третий игрок на рынке свинины (5,5%), следует из доступного годового отчета компании за 2023 год. По итогам того года «Русагро» был четвертым крупнейшим владельцем сельхозземель в стране (земельный банк составлял 685 тыс. Выручка «Русагро» доступна уже за 2024 год — она составила 340 млрд руб., чистая прибыль — 31,6 млрд руб. О задержании Мошковича стало известно 26 марта, перед этим в офисе «Русагро» прошли обыски. Возбуждения уголовного дела против основателя «Русагро» по статье о мошенничестве в особо крупном размере добивался учредитель холдинга «Солнечные продукты» — кипрская «Солпро Инвестмент ЛТД»,следовалоиз постановления Таганского районного суда Москвы. Защита Мошковича сообщала в суде, что заявителем по делу выступил бизнесмен Владислав Буров — основатель «Солнечных продуктов». Видео Лавров рассказал о «шепоте» из Франции Кличко допустил отказ Украины от части территорий в обмен на мир Трамп заявил, что Крым останется с Россией ЦБ объяснил решение сохранить ключевую ставку Взорванная машина на месте убийства генерала Генштаба в Балашихе.","РЭЦ назвал ниши, где экспорт из России может потеснить европейцев Какие товары и в какие страны имеют потенциал для российских поставщиков: https://www.rbc.ru/business/25/04/2025/680a6bee9a794763cb34be81?from=column_18",rbc.ru
Supply Chain (Economic / Governance),Как террористы поставили Индию и Пакистан на грань полноценной войны,"25 апр, 10:25","В сообщении также говорится, что за первый квартал 2025 года компания выполнила бюджет по продажам на 98%, что соответствует ожиданиям менеджмента, при этом средняя цена квадратного метра увеличилась на 3%. «В 2024 году компания сфокусировалась на увеличении операционной эффективности — так, например, административные расходы снизились до 4,6% от выручки против 5% годом ранее. Значения по итогу года удалось достичь благодаря стратегии развития маржинальных сегментов бизнеса в востребованных локациях, диверсификации по типам продукта и географии», — рассказала «РБК Недвижимости» Нина Голубничая, CFO ГК «Самолет». Также мы успешно прошли оферту по облигациям БО-П11 на 20 млрд руб., что существенно снизило долг Группы», — пояснила Нина Голубничая. По словам Марата Ибрагимова, исполнительного директора Департамента анализа финансовых рынков «Газпромбанка», результаты выглядят достаточно сильно. «Конъюнктура рынка недвижимости серьезно поменялась за последний год и эти изменения были связаны с ростом ключевой ставки, а также отменой безадресной льготной ипотеки. В этой связи мы полагаем, что рынок достаточно нейтрально отреагирует на довольно динамичный рост выручки и EBITDA компании и будет смотреть на прогнозы компании и ожидания аналитиков на текущий год, которые во многом будет определяться динамикой смягчения ДКП ЦБ», — объяснил Ибрагимов. В качестве позитивного фактора эксперт «Газпромбанка» отметил снижение долговой нагрузки компании, несмотря на увеличение числа проектов в активной фазе и, как результат, рост объемов строительства. Снижение долговой нагрузки и сокращение операционных расходов также позволит защитить прибыль в условиях инфляции затрат и увеличения стоимости долга», — подытоживает Ибрагимов. Так, с начала 2025 года ГК «Самолет» приступила к реализации первых девелоперских проектов в Казани, Уфе и Екатеринбурге. По словам Голубничей, «Самолет» увеличил долю продаж продуктов с опцией без отделки, а также процент сделок с 100%-ной предоплатой. Кроме того, в конце мартастало известноо сроках проведения IPO дочерней компании «Самолет Плюс». На данный момент у «Самолет Плюс» открыто более 1,6 тыс.",Как террористы поставили Индию и Пакистан на грань полноценной войны: https://realty.rbc.ru/news/680a96479a79479a2e5dab9b?utm_source=rbc&utm_medium=main&utm_campaign=908170-680a96479a79479a2e5dab9b&from=column_19,realty.rbc.ru
Not Relevant to ESG,Чем заняться дома: «Урок» от Юры Борисова и возвращение «Андора»,,,Чем заняться дома: «Урок» от Юры Борисова и возвращение «Андора»: https://editorial.rbc.ru/navio25sp-r-kamazatr-m?from=column_20,editorial.rbc.ru
Not Relevant to ESG,Травмы 90-х: почему начальники создают атмосферу скрытности в компании,,,Травмы 90-х: почему начальники создают атмосферу скрытности в компании: https://wine.rbc.ru/?utm_source=wine&utm_medium=main&utm_campaign=333333-wine.rbc.ru&from=column_22,wine.rbc.ru
Strategy Implementation,Сколько стоит земля под дачи и дома в Подмосковье весной 2025 года,"25 апр, 00:00","Такие выводы озвучили аналитики Российского экспортного центра (РЭЦ, входит в ВЭБ.РФ) на вебинаре для экспортеров «Кризис в промышленности Европы — создаст ли он возможности для российских экспортеров» (РБК следил за трансляцией). Так, с 2010 года к 2023-му доля ЕС в мировом экспорте сократилась с 30,9 до 29,4%, а доля Великобритании, которая до 2020 года была членом Евросоюза, — с 2,8 до 2,2%, следует из данных РЭЦа. По итогам 2024 года экономика Австрии сократилась на 1,2%, Латвии — на 0,4%, Эстонии — на 0,3%, Германии — на 0,2% (сокращение второй год подряд), Финляндии — на 0,1%, следует из апрельских данных МВФ. Немецкое правительство на этой неделепонизилопрогноз по росту экономики страны в 2025 году до нуля (с 0,3% ранее). Среди самых быстрорастущих товарных групп экспорта из Европы (при сравнении 2008 года с 2023-м) аналитики называют драгоценные металлы (+175%), вооружение (+73%), корма для сельскохозяйственных животных (+50%), фармацевтическую продукцию (+48%), готовое продовольствие (+33%). Наибольшее сокращение за эти 15 лет произошло в следующих товарных категориях (без учета долларовой инфляции): РЭЦ сопоставил данные о том, в каких товарных группах просел экспорт из Европы, с данными о том, в каких группах общий мировой экспорт, напротив, вырос. «Даже самый перспективный товар с точки зрения темпов нерелевантен для России, если у нас нет практики по наращиванию его экспорта, пусть и на коротком временном отрезке», — пояснили в организации. Те товары, которые дают многомиллиардные объемы в мировой торговле — ширпотреб, бытовая техника, — тут нам пока трудно конкурировать, пока стоят задачи импортозамещения этих товаров», — уточнил директор по экспортной политике и анализу РЭЦа Михаил Снег. В случае с прочими пищевыми продуктами (сюда входит, в частности, детское питание) российским производителям придется конкурировать с транснациональными компаниями, но, несмотря на это, у направления «колоссальный потенциал», оценивают в РЭЦе. В качестве ключевых направлений для этой группы товаров аналитики выделяют Китай (пока доля России в импорте Китая этой категории составляет порядка 0,1%), Вьетнам и Саудовскую Аравию, на рынке которой (при большом импорте из ЕС) появляются новые игроки — ОАЭ, Индия, Новая Зеландия. При этом поставки из Китая в Россию выросли на 4,1% (до $115,5 млрд), а ввоз в Китай из России остался на прежнем уровне — $129,3 млрд. ПоданнымФедеральной таможенной службы, основными торговыми партнерами России в 2024 году были Китай (33,8% от товарооборота России), Индия (8,8%), Турция (8,3%), Белоруссия (7,1%) и Казахстан (4%). Но при этом в разрезе товарной структуры 61% российского экспорта по-прежнему составляли минеральные продукты (в основном руды, нефть, газ, уголь). В исследовании РЭЦ рассматриваются общие условия наличия экспортного потенциала, среди таких условий можно выделить прежде всего наличие спроса на рынке сбыта и его ожидаемую динамику (которая, в свою очередь, зависит, например, от прогнозов по росту ВВП страны-покупателя), указывает ведущий научный сотрудник РАНХиГС Александр Фиранчук. «Кроме того, для развития экспорта критично, чтобы страна-партнер в принципе торговала с Россией и имела устойчивые каналы взаимодействия — здесь большую роль играют географическая близость и состояние политических отношений», — отмечает Фиранчук. «Для выбора конкретных направлений и расчета объемов экспорта необходимо оценивать не только спрос, но и действия конкурентов из других стран, их ценовые предложения и качество продукции», — указывает он.",Сколько стоит земля под дачи и дома в Подмосковье весной 2025 года: https://www.rbc.ru/economics/25/04/2025/680743bb9a79470a6fe6f06f?from=column_23,rbc.ru
Soil and Groundwater Impact,Глава «Синема Парка» — РБК: «Мы можем достигнуть дна»,"24 апр, 19:38","Ответственность за теракт взяла на себя малоизвестная группировка «Фронт сопротивления» (The Resistance Front, TRF). Группировка заявила в соцсетях, что нападение стало ответом на наплыв «чужаков», которые вызвали «демографические изменения» в регионе. КакотмечаетAl Jazeera, прежде объектами атак TRF были бывшие работники правоохранительных органов, информаторы индийских властей и журналисты, подозреваемые группировкой в «предательстве» и сговоре с Нью-Дели. Хотя TRF позиционирует себя как самостоятельную единицу, индийские властисчитаютее ответвлением или прикрытием базирующейся в Пакистане террористической группировки «Лашкар-э-Тайба» («Армия праведников», признана террористической и запрещена в России). Исламабад отрицает свою причастность к теракту, называя обвинения индийского правительства «легкомысленными, лишенными рациональности и противоречащими логике». После раздела Британской Индии в 1947 году на два независимых государства — Индию и Пакистан — статус исторического княжества Кашмир не был закреплен официальными соглашениями о границах, и некоторые его территории служат предметом спора двух стран. Заключенное по ее итогам Симлское соглашение устанавливало контрольную линию, по которой примерно 60% бывшего княжества отошли Индии (и стали штатом Джамму и Кашмир), а оставшиеся территории вошли в состав Пакистана. В феврале 2019 года террорист-смертник из пакистанской исламистской террористической группировки «Джаиш-е-Мухаммад» на автомобиле со взрывчаткой протаранил полицейский автобус в Кашмире, погибли свыше 40 человек. В своем первом публичном выступлении после атаки премьер-министр Индии Нарендра Моди пообещал, что правительство «выявит, отследит и накажет каждого террориста и их покровителей». В тот же день полиция Джамму и Кашмиропубликовалиимена трех из четырех подозреваемых в теракте: двое из них, как утверждается, граждане Пакистана и состоят в «Лашкар-э-Тайба». За «информацию, которая приведет к их ликвидации», обещана награда 2 млн рупий (около $234 тыс.). Также Индия объявила о закрытии единственного сухопутного пограничного пункта Аттари-Вагах, а также прекратила программу безвизового режима для граждан Пакистана, действовавшую под эгидой Ассоциации регионального сотрудничества стран Южной Азии (СААРК). Позднее также было сообщено о решении приостановить выдачу виз гражданам Пакистана и аннулировать уже выданные с 27 апреля (исключение составят только медицинские, срок действия которых ограничат 29 апреля). МИД Индии, кроме того, сообщил о приостановке действия Договора о водах Инда от 1960 года, позволявшего Пакистану пользоваться северными притоками реки, до тех пор пока Исламабад «убедительно и бесповоротно не откажется от поддержки трансграничного терроризма». В ответ пакистанские власти предупредили, что любые попытки остановить или перенаправить поток воды, положенной Пакистану по договору, будут расценены «как акт войны и на него будут даны ответные меры со всей силой». Исламабад также заявил, что приостанавливает действие Симлского соглашения 1972 года, и со своей стороны повторили шаги Нью-Дели: единственный пограничный пункт между двумя странами был перекрыт и с пакистанской стороны, индийские военные атташе были признаны персонами нон грата, а гражданам Индии, въехавшим в Пакистан по программе безвизовых обменов СААРК, было велено покинуть страну в течение двух суток. «Воздушное пространство Пакистана будет немедленно закрыто для всех авиакомпаний, принадлежащих Индии или эксплуатируемых ею... Вся торговля с Индией, в том числе в любую третью страну и из нее через Пакистан, немедленно приостанавливается», — говорится в заявлении пакистанского премьер-министра Шехбаза Шарифа. Министр обороны Индии Раджнатх Сингхпообещалдать на теракт «громкий и четкий ответ», а Пакистанпривелсвои вооруженные силы в состояние повышенной боеготовности. «Мощное общественное давление на правительство Моди, вынуждающее его принять решительные и военные ответные меры, — следствие его собственных действий», — пояснил эксперт. При этом любая силовая акция может привести к ответному удару со стороны Исламабада, что чревато полномасштабным кризисом, предупреждает пакистанский политолог Малиха Лодхи, в прошлом карьерный дипломат, постоянный представитель Пакистана при ООН (2015–2019 годы). ПоданнымСтокгольмского международного института исследований проблем мира (Stockholm International Peace Research Institute — SIPRI) за 2024 год, в арсенале Индии находится 172 ядерные боеголовки, у Пакистана — 170. Видео Лавров рассказал о «шепоте» из Франции Кличко допустил отказ Украины от части территорий в обмен на мир Трамп заявил, что Крым останется с Россией ЦБ объяснил решение сохранить ключевую ставку Взорванная машина на месте убийства генерала Генштаба в Балашихе.",Глава «Синема Парка» — РБК: «Мы можем достигнуть дна»: https://www.rbc.ru/politics/24/04/2025/680a33e89a79477d60cce004?from=column_24,rbc.ru
Not Relevant to ESG,Российские предприятия назвали плюсы и минусы возможной отмены санкций На что надеются и чего боятся промышленники,,,Российские предприятия назвали плюсы и минусы возможной отмены санкций На что надеются и чего боятся промышленники: https://style.rbc.ru/impressions/680b79019a79479edbddd710?from=column_25,style.rbc.ru
Corporate Governance,7 черт Илона Маска. Насколько вы похожи на миллиардера — Fast Company,"25 апр, 09:33","Команда Мурада Мусаева в прошлом туре обыграла «Ахмат» (3:1). После 25 матчей лидирующий «Краснодар» набрал 55 очков, опережая преследующий его «Зенит» (53) на два очка. Колумбийский форвард «Краснодара» Джон Кордоба в прошлом туре отметился забитым мячом, который стал для нападающего десятым в сезоне. Махачкалинский клуб на прошлой неделе уступил «Оренбургу» (1:2), проиграв впервые за три матча. Он был удален в третий раз в этом сезоне РПЛ, это первый подобный случай со времен полузащитника «Краснодара» Александра Черникова в сезоне 2021/22 (тоже три удаления). «Динамо» в прошлом туре обыграло казанский «Рубин» со счетом 3:1. Лучшим бомбардиром «Динамо» после 25 туров является форвард Ярослав Гладышев, на счету которого семь забитых мячей и четыре передачи. «Зенит» на прошлой неделе обыграл «Химки» (1:0). «Зенит», набравший 53 очка, занимает второе место и уступает лидирующему «Краснодару» (55) два балла. «Ростов» в прошлом туре обыграл воронежский «Факел» (2:0). «Локомотив» в прошлом туре разгромили «Пари НН» (3:0). «Железнодорожники» прервали серию из трех матчей без выигрышей в РПЛ. В первом круге «Локомотив» принимал ростовчан и одержал победу в матче с пятью голами. Ростовчане с 36 очками располагаются на седьмой строчке в таблице чемпионата, а «железнодорожники», набравшие 44 балла, находятся на шестом месте. Пресс-служба «Спартака» 23 апреля сообщила, что все билеты на встречу на «ЛУКОЙЛ Арене» проданы. «Спартак» в прошлом туре победил «Акрон» (3:2), отыгравшись со счета 0:2. Первый гол «красно-белых» в матче забил Тео Бонгонда, который отметился седьмым голом в сезоне. Бонгонда стал лишь вторым полузащитником «Cпартака» в XXI веке, который забил по семь и более голов в каждом из своих первых двух сезонов в чемпионате России. ЦСКА в прошлом туре сыграл вничью с самарскими «Крыльями Советов» (1:1). «Спартак» перед 26 туром набрал 50 очков и занимает третье место в таблице, уступая лидирующему «Краснодару» пять очков. В последний раз ЦСКА обыгрывал «Спартак» в феврале 2022 года (2:0). Видео Лавров рассказал о «шепоте» из Франции Кличко допустил отказ Украины от части территорий в обмен на мир Трамп заявил, что Крым останется с Россией ЦБ объяснил решение сохранить ключевую ставку Взорванная машина на месте убийства генерала Генштаба в Балашихе.",7 черт Илона Маска. Насколько вы похожи на миллиардера — Fast Company: https://www.rbc.ru/sport/25/04/2025/680770f99a7947a81b1e1464?from=column_26,rbc.ru
Not Relevant to ESG,Геннадий Хазанов — РБК Life: «Я не могу жить не в русском языке!»,,,Геннадий Хазанов — РБК Life: «Я не могу жить не в русском языке!»: https://pro.rbc.ru/demo/6801ebff9a794703c6a206f4?utm_source=rbc.ru&utm_medium=inhouse_media&utm_campaign=center&utm_content=6801ebff9a794703c6a206f4&utm_term=10.4Z_noauth&from=column_27,pro.rbc.ru
Land Rehabilitation,"Бизнес попросил у правительства увеличить финансирование содержания дорог Дефицит ассигнований на ближайшие 3 года оценили в 639,7 млрд руб.","24 апр, 16:07","По оценке риелторской компании «Этажи», спрос на земельные участки под строительство сократился на 27% по сравнению с аналогичным периодом прошлого года. Сезонный спрос из этого чуть запоздалый, фактически он сместился на один-два месяца относительно своего традиционного времени», — говорит руководитель аналитического центра компании «Этажи» Ирина Пашковская. Интерес к земельным участкам под строительство индивидуальных жилых домов в начале сезона постепенно растет, уточнила начальник отдела направления «Загородная недвижимость» компании «Инком-Недвижимость» и член Общественного совета при Росреестре РФ Татьяна Максимова. Средняя площадь приобретаемых земельных участков выросла до 9,9 сотки, в прошлом году она была на уровне 9,3 сотки, отметила Ирина Пашковская, Она уточнила, что в топе по спросу весной 2025 года: Число участков в продаже на вторичном загородном рынке Московской области снизилось, а стоимость осталась неизменной, говорят эксперты. Средняя стоимость земельных участков сейчас находится на уровне прошлого года — 3,4–3,6 млн руб., уточнили в «Этажах». Стоит отметить, что конкуренция за покупателей подталкивает собственников к более активному торгу, но это не стало поводом для какого-то массового снижения цен предложения, уточнила руководитель департамента городской и загородной недвижимости компании «НДВ Супермаркет Недвижимости» Елена Мищенко.","Бизнес попросил у правительства увеличить финансирование содержания дорог Дефицит ассигнований на ближайшие 3 года оценили в 639,7 млрд руб.: https://rbcrealty.ru/news/680987919a7947dd52834102?from=column_28",rbcrealty.ru
Not Relevant to ESG,Более 50 тыс. верующих пришли проститься с папой Франциском. Фоторепортаж,"24 апр, 07:02","—РБК), у нее ситуация чуть лучше. Самый большой страх — когда ты не понимаешь, что с тобой дальше будет происходить. Какое-то время назад нам уже казалось, что мы как индустрия достигли дна. Но, к сожалению, мы снова фиксируем еще более глубокое проседание. Помимо спада посещаемости мы видим негативный тренд в позиции лендлордов (арендодатели, фактические владельцы помещений. Понятно, что этот тренд — следствие высокой ставки рефинансирования и давления со стороны банков, кредитующих девелоперов. Есть надежда на то, что Голливуд вернется. — Во-первых, они отказываются от системы скидок. Во-вторых, они перепрофилируют площади. Есть массовый спрос со стороны фитнеса, со стороны детских развлекательных зон. Мы в переговорном процессе, но из-за давления банков вести эти переговоры все сложнее. Нам удалось найти взаимовыгодное решение, поэтому мы особо не испытываем давления со стороны банка. Тогда АО «Синема Парк» обратилось в суд с требованием продлить срок возврата кредитов и снизить процентную ставку, поскольку в период пандемии коронавируса выручка компании сократилась. На конец 2020 года долг «Синема Парка» оценивался в 19,8 млрд руб. Изначально суд встал на сторону «Синема Парка», но дело не раз пересматривалось в других инстанциях. Благодаря тому что у нас достаточно стабильная ситуация, мы наконец после долгих лет ожиданий можем развиваться с точки зрения реноваций. Подошел срок окончания аренды, и мы в рамках пролонгации договорились, что сделаем реконструкцию, обустроим новые, качественные, современные кинотеатры с мягкими залами, с рестораном, с детскими зонами, с зоной книжного бутика и мерча. Мы рассчитываем, что отобьем инвестиции за три с половиной — четыре года. Это тот минимум, который мы готовы потерпеть. Отечественные производители как не могли, так и не могут, к сожалению, производить новые ксеоновые и лазерные проекторы. Буквально на днях мы открыли другой наш VIP-зал — «Сапфир» в ТЦ «Океания» со специальными массажными креслами, которые разрабатывали совместно с партнером примерно 1,5 года. На мой взгляд, нам удалось добиться если не совершенства, то какого-то промежуточного хорошего результата. Еще несколько лет назад до условного магазина «Светофор» надо было идти куда-то в полуподвальное помещение за помойкой на окраине города, но люди ходили из-за низких цен. Сейчас в центре появились достаточно приличные магазины «Чижик» с хорошим мерчандайзингом, с удобным расположением, приличной отделкой, но с такими же доступнымиценами. И потребитель пойдет туда, где при той же цене качество и набор услуг лучше. — Если мы говорим о VIP-зале «Сапфир», он ориентирован на самую требовательную аудиторию. Да, цена будет выше, но в зоне зала потребителю будут доступны бесплатный кофе, вафли, какие-то еще дополнительные вещи. Помимо показа фильма мы докручиваем некие ценности, которые сделают поход в кино событием. Может, плюс 100–150 руб. Часть помещений мы, к сожалению, вынуждены отдать. Как я и говорил, это все переговорный процесс нахождения консенсуса между девелопером и нами по взаимовыгодным условиям дальнейшего сотрудничества. Вы отмечали, что одна из проблем бизнеса — несбалансированность репертуара: то густо, то пусто. Одномоментный выпуск в новогодние каникулы двух крупных премьер был связан с амбициями двух конкурирующих холдингов (1 января 2025 года состоялись премьеры «Волшебника Изумрудного города» от принадлежащей «Газпром-Медиа» «Централ Партнершип», собравшего 3,3 млрд руб., и «Финиста. Первого богатыря» от принадлежащей Национальной Медиа Группе «НМГ Кинопрокат», собравшего 2,7 млрд руб. —РБК). Две компании мерились, у кого показатели больше. На мой взгляд, здесь с главенствующей ролью должен выступать Минкульт, который выдает прокатные удостоверения и регулирует график премьер. Если бы эти фильмы развели на разные даты, вкупе они точно бы собрали больше. Плюс надо что-то добавлять для молодежной аудитории, что-то — для более возрастной. Но это, по сути, неправда. Какие-то, может быть, действительно недораскручены, недопромотированы, недорекламированы. Просто нужно этим заниматься, составлять график премьер, чтобы на каждый период времени было кино на каждую целевую аудиторию. А не так, что у нас месяц крутятся две семейные картины, а молодежи посмотреть нечего. В 2019 году была образцовая ситуация, когда каждые две недели стартовал какой-то блокбастер и человек всегда знал, что ему будет что посмотреть. Причем тогда можно было спросить: «Знаешь ли ты, на какой фильм ты идешь?» И вам бы ответили: «Нет, я просто иду в кинотеатр». Потому что посетитель мог выбрать, что посмотреть, уже на месте. Он гарантированно знал, что будет что-то интересное и для просмотра с парнем или девушкой, и для похода с детьми. Но я не думаю, что это вина крупных холдингов или продюсеров. Понятно, что все хотят собрать сливки, все чем-то меряются. Или, например, сокращать субсидию тем, кто хочет выйти в новогодние каникулы, отдавая ее «смельчакам на лето». — Существует расхожее мнение, что из-за системы государственного субсидирования продакшены в России зарабатывают на этапе производства, а не на этапе показа фильмов. — Сейчас зарабатывать на производстве сложнее, Фонд кино стал четче это контролировать. Так же как вопрос, почему мы сейчас не снимаем кино в 3D. Почему мы забыли про формат 1:1,9 (один из вариантов соотношения сторон экрана, считается лучшим для показа 3D-фильмов. —РБК)? Возможно, так проще и быстрее. А когда у тебя есть определенное давление со стороны министерства, определенные выделены государством ресурсы, ты просто должен снимать много и быстро. — Для показа будут использоваться проекторы IMAX, которые у нас в собственности, формат экрана 1:1,9, 60 кадров в секунду. Мы пришли к Национальной Медиа Группе (НМГ) и сказали: «Ребят, вот мы так можем. Давайте мы вам покажем на кусочке и, если вам понравится результат, мы адаптируем весь фильм». Есть те, кому не нравится, кто отказывается. — И как они это объясняют — «извините, нам не нужны ваши технологии, мы как снимали для онлайн-кинотеатров, так и продолжим»? Обычно объясняют тем, что материал уже отснят и вносить изменения они не могут. По адаптации «Красного шелка» в формат 1:1,9 переговоры шли еще год назад. Он сам по себе очень подходит для такого формата: там много экшена, динамики. От 1:1,9 НМГ в итоге отказалась, но мы все же сделали частоту 60 кадров в секунду, это уже неплохо. — Стоимость — зарплата сотрудника, который этим занимается. Сейчас такая ситуация, что нельзя все делать ради коротких денег. Если будет регресс показа, состояния кинотеатров, расцвет пиратской деятельности, мы ни к чему не придем. Если мы вернем потребителя в кинотеатры, если мы покажем, что у нас можно посмотреть лучше, чем дома, тогда вся киноотрасль будет зарабатывать. До недавней поры мы гордились, что мы самая технологичная с точки зрения кинопоказа сеть. —РБК), у нас было около 20 залов со звуком Atmos. Во-первых, это конкурентное преимущество. Во-вторых, мне кажется, это индустриальный прорыв, когда потребитель понимает, что он в кинотеатре может посмотреть фильм круче, чем дома, с более высоким погружением, с большей эмоциональной вовлеченностью. Когда будет подходящий контент, наши залы будут готовы. — Я в принципе не считаю, что у зрителя как-то меняется запрос. Всегда будет желание где-то условно поплакать, где-то попереживать, где-то просто расслабиться. Нет такого, что раньше больше любили драмы, а сейчас комедии. Хотя вот востребованность хорроров, например, почему-то начала расти. Но, наверное, подросло поколение, которому не хватает драйва и ужасов в жизни. Понятно, что там и прекрасная игра Деми Мур, и множество роликов в интернете, как людям на зарубежных показах во время этого фильма становилось плохо. А русский человек, он же это воспринимает как вызов: «Я-то точно смогу, мне-то точно плохо не станет, я же русский, я же пацан, я и не такое переживал». — В чем, на ваш взгляд, феномен фильма «Анора»? Если перетерпеть первые 20 минут, то в «Аноре» можно увидеть и качественный юмор, и хорошую игру актеров, и динамичный сюжет. И те, кто досмотрел его до конца, дали хороший «сарафан», который привлек еще больше зрителей. — Чтобы уповать на «сарафан», нужно быть уверенным, что у тебя безупречный продукт. Потому что сколько людей, столько мнений. Для стабильности бизнеса нужен разумный баланс между грамотной маркетинговой кампанией, которая гарантирует приход большого количества зрителей в первую неделю показа, и качеством продукта, который дает «сарафан». — На летний период заявленная афиша релизов пока выглядит пустоватой, выделяется только «Балерина» с Аной де Армас. Мне кажется, мы отработаем лучше, чем летом прошлого года. Не могу сказать, что нас ждет прорыв. Действительно, есть дефицит сильных фильмов на лето. Текущий апрель уже существенно лучше прошлого года, на 80–100%. Летом, думаю, пусть и ненамного, но тоже будет лучше. Условно, есть ли у вас понимание, что за 600 руб. в Москве зритель еще пойдет в кино, а за 1000 руб. Это совокупность продукта, качества и времени. Есть утро понедельника, и есть прайм-тайм субботы. В первые недели проката крупного фильма, возможно, даже есть какие-то наценки. В последующие недели эти наценки убираются, появляется какой-то дисконт. Безусловно, есть подталкивающий фактор с точки зрения общего роста расходов на электричество, на аренду, на фонд оплаты труда — все это выросло очень серьезно и подтягивает стоимость билета. Чтобы зритель понимал, что он платит не просто за фильм, а за технологии, комфорт, удобство, безопасность и так далее. —РБК) общее количество мест на ту же площадь сокращается примерно в 2,2 раза. — Ваше основное юрлицо АО «Синема Парк» по итогам 2024 года при росте выручки на 13% в четыре раза сократило чистую прибыль. Просто мы что-то сначала учли, потом вернули и так далее. Люди и с той, и с другой стороны живут надеждой. Никто ведь по факту не поменялся: и в студиях, и у нас работают все те же люди. Другой вопрос, что конкретики в них нет. Все понимают, что произойдет эффект домино. Как только найдется хотя бы один, у кого будет смелость стать первым, тут же придут и другие. Lionsgate хоть и не показал приквел «Голодных игр», но даст «Балерину». Miramax (фильмы «Джентельмены», «Операция «Фортуна»: Искусство побеждать». Скорее всего, поначалу вернутся не полноценными представительствами, а путем дистрибуции отдельных фильмов. Мы должны все договориться, как мы хотим видеть Голливуд, чтобы это не противоречило каким-то нормам государства и не было в ущерб индустрии. У нас есть разные высказывания и депутатов, и бизнеса по этому поводу. Все должны договориться так, чтобы это всех устроило. Понятно, что мы как киносети, наверное, заинтересованы в максимальном возврате иностранного контента. Безусловно, с соблюдением законодательных норм по ЛГБТ (движение признано в России экстремистским и запрещено. Потому что, на мой взгляд, конкуренция — это всегда хорошо. И потребитель должен рублем выбирать, на что он хочет пойти. Но есть позиция государства, есть позиция наших продюсеров, которые по очевидным причинам хотят для себя преференций. — Но давайте представим: будет у нас под конец года легальная третья часть «Аватара» и вторая часть «Чебурашки». — Российский потребитель пойдет и на то, и на другое. Хороший, качественный, гармоничный, растянутый во времени, урегулированный репертуар на весь год позволяет убрать основной фактор фобии — неопределенность. Тогда люди смогут планировать, более смело брать заемные деньги и развиваться. Это, конечно, не наш подход. Но я осознаю, что это самый выгодный подход. Я думаю, что в 2024 году это было 15% общих сборов. — Но вы лидеры рынка, вам проще. — Есть маленький кинотеатр «Невафильм», который не пиратит фильмы. Есть сеть «Каро», которая довольно крупная, но тоже не пиратит. Есть «Москино», которое субсидируется властями, но тоже не пиратит. Есть другие, кто тоже этого не делает. Я считаю, что и раньше, и сейчас рынок может без этого выживать. — Крупные продакшены — «Газпром-Медиа», Национальная Медиа Группа — все активнее говорят о совместном производстве с Китаем. При этом первый такой фильм, «Красный шелк», в российском прокате собрал меньше 700 млн руб. — По поводу «Красного шелка» — мы не знаем, за сколько они продадут права на стриминг, на ТВ и на зарубежный рынок. Возможно, пазл сложится положительно и без невозвратных субсидий. Что касается интереса к китайскому контенту, скоро у нас стартует мультфильм «Нэчжа побеждает Царя драконов», который в одном только Китае собрал более $2 млрд и вошел в пятерку самых кассовых фильмов в истории. Если проецировать эти сборы на нас с точки зрения стоимости рубля и с точки зрения количества активного населения, он в идеале должен собрать 20 млрд руб. По моим подсчетам, касса будет выше 400 млн руб. Это действительно шикарный мультик с точки зрения графики, сюжета. И он покажет, насколько наша аудитория готова к китайским фильмам. — Год назад вы рассказывали, что рассматриваете несколько новых направлений бизнеса, сопутствующих кинопоказу и комплиментарных вашему основному бизнесу. — Во-первых, рестораны. Во-вторых, мы открываем книжные бутики с продукцией, связанной с кино и текущим репертуаром. Условно, если выходит экранизация «Мастера и Маргариты», мы продаем Булгакова. В-третьих, мы скоро закроем сделку с сетью фитнес-клубов Spirit, по условиям которой будем сдавать им в аренду часть своих помещений. Это будет несколько городов, сейчас идет процесс финальной детализации. Надеюсь, первая площадка — Новосибирск. Мы сейчас пытаемся развивать не просто кинотеатры, а локации, некие экосистемы. — Я не думаю, что люди будут приходить после тренировки в кино. И мы уже будем думать о совместных кросс-промоушенах (технология продвижения брендов или товаров, при которой несколько разных компаний реализовывают совместные программы по привлечению клиентов. —РБК). Чтобы у человека была последовательная логика: сегодня он пошел в кино, завтра он пошел потренироваться, вечером заглянул в ресторан и так далее. РБК в Telegram На связи с проверенными новостями Что Трамп сказал в интервью Time про Россию, Украину и процесс урегулирования Набиуллина сравнила ключевую ставку с лекарством Уиткофф прогулялся по Арбату. Видео Лавров рассказал о «шепоте» из Франции Кличко допустил отказ Украины от части территорий в обмен на мир Трамп заявил, что Крым останется с Россией ЦБ объяснил решение сохранить ключевую ставку Взорванная машина на месте убийства генерала Генштаба в Балашихе.",Более 50 тыс. верующих пришли проститься с папой Франциском. Фоторепортаж: https://www.rbc.ru/interview/technology_and_media/24/04/2025/680639419a794756afb279d8?from=column_29,rbc.ru
Corporate Governance,"Репортаж из Шанхая. Провал Volkswagen, 20К шагов и куриная лапа","23 апр, 15:34","В феврале—марте этот показатель настроения российской промышленности застыл на «точке замерзания», сохранив нулевые значения, писал экономист в конце марта. Более половины (54%) оценивают последствия отмены санкций положительно, 26% — нейтрально. Отрицательное отношение выразили представители примерно каждого пятого предприятия, а именно: 18% заявили об умеренно негативной оценке и 1% — об определенно негативной. «С одной стороны, она зависит от поставок импортных комплектующих, оборудования, материалов, а с другой — она вынуждена будет конкурировать с вернувшимся импортом», — пояснил он. Среди других положительных последствий чаще всего респонденты называли восстановление прежних технологических цепочек и качества продукции (33%), восстановление экспортного спроса и логистических цепочек (32%). Также предприятия полагают, что после возвращения импорта снизятся цены на импортозаместившее оборудование — российское (этого ждут 30%) и китайское (27%). Самым массовым следствием санкций как был, так и остался рост себестоимости продукции и цен из-за отсутствия в России или дружественных странах альтернативных поставщиков: в 2022 году об этом заявляли 64%, а спустя три года — 60%. Так, в 2022 году об этом говорили 62% предприятий, а в 2025-м — 55%. Кроме того, вдвое (с 40 до 20%) сократилась доля тех, кого беспокоит остановка или замена имеющегося импортного оборудования из-за невозможности его обслуживания и ремонта. Позитивные ожидания от введения санкций, которые российский бизнес высказывал весной 2022 года, оправдались: если тогда роста импортозамещающего спроса на свою продукцию ждали 36% предприятий, то в 2025 году об этом заявил уже 41%. Проведенный в январе 2025 года опрос Российского союза промышленников и предпринимателей (РСПП)показалсокращение к концу 2024 года доли предприятий, так или иначе страдающих от вызванных санкциями ограничений. В частности, уменьшилась доля заявивших о невозможности закупить новое оборудование из-за ограничений импорта (с 29% во втором квартале до 15% в четвертом) и невозможности проведения платежей с зарубежными контрагентами (с 28% во втором квартале до 15%). Влияние санкций можно сравнить с курсом рубля: «кому-то в промышленности лучше слабый рубль, кому-то — сильный, а кому-то — что-то промежуточное или просто все равно», говорит руководитель направления анализа и прогнозирования развития отраслей реального сектора ЦМАКП Владимир Сальников. Процессы импортозамещения позволили снизить зависимость российских производителей от иностранных поставщиков, но в капиталоемких отраслях (например, производство электроники, автокомпонентов и промышленного оборудования) снижение доли импорта все еще остается существенным вызовом, говорит руководитель проектов консалтинговой компании АТК+ Андрей Кусик. «В этих условиях бизнес, как правило, использует три канала обеспечения: параллельный импорт, закупку OEM-решений и аналогов, а также развитие обратного инжиниринга», — знает Кусик. Директор по операционной деятельности инжинирингового центра «Кронштадт» Александр Третьяков считает, что, например, в нефтегазовой отрасли по ряду позиций оборудования для геологоразведки и последующей разработки месторождений уровень локализации стремится к 85–90%, а основными «зонами роста» в части импортозамещения остаются газовые турбины (для компримирования газа и выработки электроэнергии). «На основе зарубежного опыта реализации импортозамещения мы видим, что задача «столкнуть» отечественных производителей с иностранными конкурентами, как правило, крайне позитивно сказывается на качестве и успехах отечественных компаний», — утверждает она. «И тут ключевой вопрос — насколько будут поддержаны инвестиции в производство, которые были осуществлены в 2022–2024 годах, чтобы предприятия реально работали, могли свою продукцию на рынке продать», — подчеркивает он.","Репортаж из Шанхая. Провал Volkswagen, 20К шагов и куриная лапа: https://www.rbc.ru/economics/23/04/2025/6808a3eb9a79470c1c4b9b8a?from=column_30",rbc.ru
Data Safety,Люди потеряют контроль над данными: в ЕС недовольны новыми правилами в Facebook*,"26 апреля 2025, 18:09","© Ferra.ru Пользователям в Нидерландах, не желающим, чтобы их данные — посты, фото и комментарии — применялись для тренировки Meta AI*, необходимо подать возражение до 27 мая. AP подчеркивает, что новая политика Meta* затрагивает все публичные данные взрослых пользователей. Регулятор сомневается в законности модели Meta*, где отсутствие возражения считается согласием, что может противоречить строгим европейским правилам защиты данных (GDPR). Поскольку европейская штаб-квартира Meta* находится в Ирландии, именно их регулятор ведет основную проверку. *принадлежит Meta, которая признана в РФ экстремистской и запрещена ferra.ru, 2025 г.18+ Нашли опечатку?",Люди потеряют контроль над данными: в ЕС недовольны новыми правилами в Facebook*: https://www.ferra.ru/news/apps/lyudi-poteryayut-kontrol-nad-dannymi-v-es-nedovolny-novymi-pravilami-v-facebook-26-04-2025.htm,ferra.ru
Environmental Management,Новый российский препарат от болезни Бехтерева внедрят в 45 регионах,"26 апреля 2025, 17:42","Особенность препарата в том, что он воздействует прицельно — разрушает иммунные клетки, провоцирующие болезнь, но при этом не подавляет весь иммунитет и не вызывает тяжелых побочных эффектов. В ближайшее время лечение начнется в республиках Коми, Карелия, Дагестан, Якутия, Татарстан, а также в Московской, Челябинской и Кемеровской областях, Красноярском и Хабаровском краях и других субъектах.",Новый российский препарат от болезни Бехтерева внедрят в 45 регионах: https://www.ferra.ru/news/v-rossii/novyi-rossiiskii-preparat-ot-bolezni-bekhtereva-vnedryat-v-45-regionakh-26-04-2025.htm,ferra.ru
Corporate Governance,NASA перестала арендовать офис в Нью-Йорке из-за сокращения бюджета,"26 апреля 2025, 17:09","© Ferra.ru GISS, основанный в 1961 году, известен своими моделями климатических изменений и изучением атмосферы Земли. Решение о прекращении аренды связано с пересмотром всех государственных контрактов, инициированным администрацией президента США, хотя неясно, исходило ли оно от NASA или внешних структур, таких как Департамент эффективности правительства Илона Маска. Проект бюджета на 2026 год предусматривает снижение финансирования научных программ NASA почти на 50%, что угрожает климатическим исследованиям.",NASA перестала арендовать офис в Нью-Йорке из-за сокращения бюджета: https://www.ferra.ru/news/techlife/nasa-perestala-arendovat-ofis-v-nyu-iorke-iz-za-sokrasheniya-byudzheta-26-04-2025.htm,ferra.ru
Values and Ethics,"Как децентрализованная сеть Bluesky смогла выйти из строя, объяснили эксперты","26 апреля 2025, 17:00","© Ferra.ru Сбой вызвал недоумение: как децентрализованная сеть, где данные распределяются по множеству серверов, могла полностью остановиться? Децентрализация предполагает отсутствие единой точки отказа, но большинство пользователей Bluesky используют официальное приложение, работающее на протоколе AT Protocol и зависящее от инфраструктуры компании. Пользователи Mastodon высмеивали Bluesky, подчёркивая устойчивость своих серверов, которые могут работать даже на компактных устройствах вроде Raspberry Pi. Bluesky оперативно восстановила сервис, но сбой показал, что децентрализация пока не гарантирует полной надёжности.","Как децентрализованная сеть Bluesky смогла выйти из строя, объяснили эксперты: https://www.ferra.ru/news/apps/kak-decentralizovannaya-set-bluesky-smogla-vyiti-iz-stroya-obyasnili-eksperty-25-04-2025.htm",ferra.ru
Strategy Implementation,Anthropic захотела открыть «черный ящик» ИИ-моделей к 2027 году,"26 апреля 2025, 16:15","Он выразил обеспокоенность тем, что без понимания их работы мощные ИИ могут стать опасными, особенно если достигнут уровня искусственного общего интеллекта (AGI) — систем, сравнимых по интеллекту с человеком. Компания также выступает за «лёгкие» государственные регуляции, включая требования к прозрачности безопасности ИИ, и предлагает ограничить экспорт чипов в Китай, чтобы замедлить глобальную гонку ИИ.",Anthropic захотела открыть «черный ящик» ИИ-моделей к 2027 году: https://www.ferra.ru/news/apps/anthropic-zakhotela-otkryt-chernyi-yashik-ii-modelei-k-2027-godu-25-04-2025.htm,ferra.ru
Values and Ethics,Прокурор США обвинил Википедию в пропаганде и переписывании истории,"26 апреля 2025, 16:07","© Ferra.ru Это может нарушать условия налогового статуса 501(c)(3), который требует, чтобы некоммерческие организации работали исключительно в образовательных или благотворительных целях. Письмо стало частью кампании администрации Трампа против СМИ и платформ, обвиняемых в либеральной предвзятости.",Прокурор США обвинил Википедию в пропаганде и переписывании истории: https://www.ferra.ru/news/apps/prokuror-ssha-obvinil-vikipediyu-v-propagande-i-perepisyvanii-istorii-26-04-2025.htm,ferra.ru
Data Safety,Владелец IGN подала иск против OpenAI за нарушение авторских прав,"26 апреля 2025, 15:30","© Ferra.ru Ziff Davis также заявляет, что OpenAI игнорировала инструкции, запрещающие сбор данных с их сайтов через файл robots.txt, и удаляла информацию об авторских правах из собранного контента. Ziff Davis, управляющая более чем 45 брендами и привлекающая 292 миллиона посетителей ежемесячно, присоединяется к другим медиа, таким как The New York Times и The Intercept, в судебных тяжбах против OpenAI.",Владелец IGN подала иск против OpenAI за нарушение авторских прав: https://www.ferra.ru/news/techlife/vladelec-ign-podala-isk-protiv-openai-za-narushenie-avtorskikh-prav-25-04-2025.htm,ferra.ru
